,Framecount,Expression,Probability,EAR
0,0,neutral,"tensor([2.4397e-02, 1.5057e-03, 1.4838e-02, 4.1450e-01, 5.1637e-01, 2.8238e-02,
        1.4499e-04])",0.3311481080913376
1,10,neutral,"tensor([2.3867e-02, 1.3096e-03, 1.3260e-02, 2.9339e-01, 6.4640e-01, 2.1564e-02,
        2.1084e-04])",0.28997231343723634
2,20,neutral,"tensor([2.6619e-02, 9.7665e-04, 1.3200e-02, 2.1946e-01, 7.2331e-01, 1.6305e-02,
        1.3083e-04])",0.2923327560567088
3,30,neutral,"tensor([1.6392e-02, 1.0327e-03, 1.2593e-02, 3.7455e-01, 5.7145e-01, 2.3925e-02,
        5.7202e-05])",0.2793022127567475
4,40,neutral,"tensor([2.0775e-02, 9.3893e-04, 9.0681e-03, 2.7210e-01, 6.7889e-01, 1.8151e-02,
        7.6526e-05])",0.2857142857142857
5,50,neutral,"tensor([1.4667e-02, 6.0762e-04, 1.8042e-02, 3.0698e-01, 6.4107e-01, 1.8539e-02,
        8.8511e-05])",0.3076923076923077
6,60,neutral,"tensor([4.0470e-02, 1.6386e-03, 1.8657e-02, 2.6978e-01, 6.4756e-01, 2.1766e-02,
        1.3051e-04])",0.3076923076923077
7,70,neutral,"tensor([3.8895e-02, 1.8504e-03, 3.0190e-02, 2.6291e-01, 6.3390e-01, 3.2021e-02,
        2.2983e-04])",0.30678599553894814
8,80,neutral,"tensor([1.9636e-02, 1.1998e-03, 1.6766e-02, 2.3948e-01, 7.0539e-01, 1.7440e-02,
        8.2840e-05])",0.3072391516156279
9,90,neutral,"tensor([2.8868e-02, 8.5476e-04, 1.5692e-02, 3.2867e-01, 6.1210e-01, 1.3771e-02,
        4.9558e-05])",0.31005972356957046
10,100,neutral,"tensor([1.7091e-02, 1.1204e-03, 1.3367e-02, 3.2311e-01, 6.2426e-01, 2.0991e-02,
        6.0607e-05])",0.311506880777893
11,110,neutral,"tensor([1.2996e-02, 2.6868e-04, 1.5324e-02, 4.3283e-01, 5.3084e-01, 7.7030e-03,
        4.3928e-05])",0.2880083823848587
12,120,neutral,"tensor([0.1181, 0.0008, 0.0528, 0.1384, 0.6833, 0.0057, 0.0008])",0.2834329909684644
13,130,neutral,"tensor([1.1314e-01, 1.1928e-03, 2.2444e-02, 2.5314e-01, 6.0491e-01, 4.7823e-03,
        3.9540e-04])",0.24298207464727184
14,140,neutral,"tensor([1.5013e-01, 2.1315e-03, 2.8764e-02, 2.9919e-01, 5.1348e-01, 6.1205e-03,
        1.8276e-04])",0.2743698501460526
15,150,neutral,"tensor([1.0670e-01, 9.8037e-04, 1.9779e-02, 2.3058e-01, 6.3362e-01, 8.1017e-03,
        2.3832e-04])",0.260989010989011
16,160,neutral,"tensor([4.6427e-02, 4.1888e-04, 1.7214e-02, 2.9306e-01, 6.3626e-01, 6.5545e-03,
        6.9798e-05])",0.2496823374788419
17,170,neutral,"tensor([3.5118e-02, 4.4636e-04, 1.5865e-02, 3.4156e-01, 5.9868e-01, 8.2583e-03,
        7.0003e-05])",0.2279173065459849
18,180,neutral,"tensor([2.3631e-02, 4.6977e-04, 1.0517e-02, 4.0533e-01, 5.4985e-01, 1.0151e-02,
        5.6024e-05])",0.2519639310523777
19,190,neutral,"tensor([5.5900e-02, 1.1067e-03, 1.0728e-02, 3.7035e-01, 5.5133e-01, 1.0511e-02,
        7.4129e-05])",0.25
20,200,neutral,"tensor([3.7605e-02, 8.8881e-04, 1.8064e-02, 3.7837e-01, 5.5641e-01, 8.6200e-03,
        4.0980e-05])",0.2527716650380206
21,210,nervous,"tensor([2.6753e-02, 6.7162e-04, 2.2284e-02, 5.2754e-01, 4.0985e-01, 1.2853e-02,
        5.0079e-05])",0.2523751534709258
22,220,neutral,"tensor([4.8759e-02, 1.8383e-03, 2.4212e-02, 4.5080e-01, 4.5587e-01, 1.8377e-02,
        1.3765e-04])",0.2526181689804917
23,230,neutral,"tensor([5.6517e-02, 7.5725e-04, 2.5997e-02, 4.0480e-01, 5.0246e-01, 9.3902e-03,
        7.3397e-05])",0.29036882500433114
24,240,neutral,"tensor([4.5335e-02, 1.7510e-03, 1.4854e-02, 4.2303e-01, 4.9981e-01, 1.5096e-02,
        1.1704e-04])",0.2923327560567088
25,250,nervous,"tensor([2.9462e-02, 8.9505e-04, 1.3593e-02, 5.0845e-01, 4.3296e-01, 1.4576e-02,
        5.5555e-05])",0.2527716650380206
26,260,nervous,"tensor([1.6635e-02, 3.9751e-04, 1.1658e-02, 5.0978e-01, 4.5030e-01, 1.1200e-02,
        3.8384e-05])",0.2625527109355509
27,270,nervous,"tensor([3.4161e-02, 8.1201e-04, 1.3892e-02, 4.8704e-01, 4.4228e-01, 2.1716e-02,
        9.8413e-05])",0.2812661438091252
28,280,nervous,"tensor([2.8652e-02, 1.3890e-03, 1.3511e-02, 5.5023e-01, 3.8518e-01, 2.0912e-02,
        1.2631e-04])",0.2684377460965796
29,290,nervous,"tensor([5.7035e-03, 3.5359e-04, 7.6793e-03, 5.7022e-01, 3.9250e-01, 2.3532e-02,
        8.3121e-06])",0.20332980251057742
30,300,neutral,"tensor([2.0649e-02, 4.6151e-04, 1.4334e-02, 4.3127e-01, 5.1421e-01, 1.9031e-02,
        4.1959e-05])",0.2112552389905367
31,310,neutral,"tensor([1.7236e-02, 4.0173e-04, 1.4869e-02, 3.1472e-01, 6.4198e-01, 1.0741e-02,
        5.7573e-05])",0.26293017950917885
32,320,nervous,"tensor([1.9498e-02, 4.4168e-04, 6.5144e-03, 4.9525e-01, 4.6858e-01, 9.6883e-03,
        2.7708e-05])",0.2300894966542111
33,330,nervous,"tensor([1.8981e-02, 6.4277e-04, 2.0370e-02, 5.1893e-01, 4.2331e-01, 1.7692e-02,
        6.8460e-05])",0.2521983147431725
34,340,neutral,"tensor([1.9836e-02, 1.4001e-03, 5.5459e-03, 2.9664e-01, 6.6707e-01, 9.4806e-03,
        1.9991e-05])",0.23076923076923078
35,350,neutral,"tensor([3.2985e-02, 1.3200e-03, 8.2795e-03, 2.8630e-01, 6.5964e-01, 1.1448e-02,
        3.2545e-05])",0.24004474832710554
36,360,neutral,"tensor([6.0317e-02, 1.9541e-03, 1.1678e-02, 2.3342e-01, 6.8281e-01, 9.7462e-03,
        7.2135e-05])",0.23355008794572824
37,370,neutral,"tensor([6.6992e-02, 8.8644e-03, 1.1427e-02, 3.0129e-01, 5.9495e-01, 1.6334e-02,
        1.3696e-04])",0.25513908091528337
38,380,neutral,"tensor([4.3116e-02, 4.4333e-03, 1.0692e-02, 2.2752e-01, 6.9951e-01, 1.4673e-02,
        5.1813e-05])",0.23320102874974158
39,390,neutral,"tensor([2.9234e-02, 2.8614e-03, 1.2824e-02, 4.0232e-01, 5.3585e-01, 1.6877e-02,
        3.3613e-05])",0.26262401537081104
40,400,neutral,"tensor([5.6865e-02, 4.7550e-03, 1.5435e-02, 2.6905e-01, 6.3784e-01, 1.6014e-02,
        3.7886e-05])",0.27807533524831596
41,410,neutral,"tensor([5.9633e-02, 4.0781e-03, 1.5231e-02, 3.1345e-01, 5.9337e-01, 1.4136e-02,
        9.9690e-05])",0.2523751534709258
42,420,neutral,"tensor([5.8035e-02, 4.2312e-03, 1.3499e-02, 2.2558e-01, 6.8495e-01, 1.3668e-02,
        4.1272e-05])",0.24191981397149104
43,430,neutral,"tensor([5.8259e-02, 4.4281e-03, 1.4635e-02, 2.2926e-01, 6.7906e-01, 1.4318e-02,
        4.2326e-05])",0.23631256084527205
44,440,neutral,"tensor([5.6102e-02, 4.3556e-03, 1.4663e-02, 2.3869e-01, 6.7166e-01, 1.4488e-02,
        4.1020e-05])",0.24609360674280228
45,450,neutral,"tensor([5.4874e-02, 8.1249e-03, 9.7019e-03, 2.5117e-01, 6.4469e-01, 3.1356e-02,
        8.5329e-05])",0.28643480513299313
46,460,neutral,"tensor([2.8581e-02, 3.1821e-03, 9.2647e-03, 3.8821e-01, 5.4683e-01, 2.3904e-02,
        3.5844e-05])",0.3034213648513002
47,470,neutral,"tensor([1.9989e-02, 8.4330e-04, 2.2186e-02, 3.4103e-01, 6.0379e-01, 1.2129e-02,
        3.5304e-05])",0.33473776085298823
48,480,neutral,"tensor([1.0909e-02, 6.9363e-04, 1.8796e-02, 4.3098e-01, 5.2253e-01, 1.6077e-02,
        1.8059e-05])",0.311506880777893
49,490,neutral,"tensor([1.7626e-02, 1.0961e-03, 1.5209e-02, 4.6743e-01, 4.7345e-01, 2.5161e-02,
        2.8257e-05])",0.3006079829842383
50,500,nervous,"tensor([3.8745e-02, 1.6781e-03, 1.6689e-02, 4.8078e-01, 4.1420e-01, 4.7736e-02,
        1.7162e-04])",0.21402690402855734
51,510,neutral,"tensor([3.7609e-02, 1.9010e-03, 2.0603e-02, 3.8225e-01, 4.8941e-01, 6.8139e-02,
        8.7054e-05])",0.23042936371172096
52,520,neutral,"tensor([1.1362e-02, 8.3075e-04, 1.2422e-02, 3.9129e-01, 5.3421e-01, 4.9868e-02,
        1.6839e-05])",0.25278085717649745
53,530,neutral,"tensor([1.9607e-02, 6.5812e-04, 3.2846e-02, 3.3400e-01, 5.7704e-01, 3.5804e-02,
        3.9652e-05])",0.29634025382197315
54,540,neutral,"tensor([1.6318e-02, 8.2014e-04, 2.2488e-02, 3.8648e-01, 5.3918e-01, 3.4688e-02,
        2.4906e-05])",0.3361339596911209
55,550,neutral,"tensor([2.1073e-02, 1.4095e-03, 3.1024e-02, 3.5805e-01, 5.4385e-01, 4.4514e-02,
        7.1131e-05])",0.2692307692307692
56,560,neutral,"tensor([1.0994e-02, 5.7211e-04, 2.1830e-02, 3.8580e-01, 5.4637e-01, 3.4384e-02,
        5.1575e-05])",0.25312072423400733
57,570,nervous,"tensor([6.8813e-03, 2.6669e-04, 1.2482e-02, 5.8840e-01, 3.5287e-01, 3.9069e-02,
        3.5284e-05])",0.24006695286345728
58,580,nervous,"tensor([1.2958e-02, 5.1541e-04, 3.2083e-02, 4.8746e-01, 4.3886e-01, 2.8039e-02,
        8.1318e-05])",0.2300894966542111
59,590,neutral,"tensor([1.3285e-02, 4.7448e-04, 3.3821e-02, 4.2410e-01, 4.9297e-01, 3.5288e-02,
        6.8749e-05])",0.23972708580594743
60,600,nervous,"tensor([2.3198e-02, 2.0381e-04, 4.7783e-02, 5.2334e-01, 3.9522e-01, 1.0194e-02,
        6.1611e-05])",0.23042936371172096
61,610,neutral,"tensor([3.5206e-02, 2.9699e-04, 2.5881e-02, 4.5088e-01, 4.8032e-01, 7.3000e-03,
        1.1461e-04])",0.2434255329139468
62,620,nervous,"tensor([6.1999e-02, 1.2578e-03, 3.0401e-02, 5.1009e-01, 3.6844e-01, 2.7385e-02,
        4.2453e-04])",0.2221876054699627
63,630,nervous,"tensor([7.6914e-02, 4.3131e-03, 5.3999e-02, 6.0557e-01, 1.7516e-01, 8.3552e-02,
        4.9829e-04])",0.23155291246070636
64,640,neutral,"tensor([0.1598, 0.0070, 0.0541, 0.3057, 0.3782, 0.0943, 0.0009])",0.22564819676147985
65,650,nervous,"tensor([0.0403, 0.0021, 0.0765, 0.4265, 0.4095, 0.0447, 0.0004])",0.21980906284502089
66,660,nervous,"tensor([2.2770e-02, 8.3362e-04, 4.8920e-02, 4.8057e-01, 4.2123e-01, 2.5610e-02,
        7.3693e-05])",0.2857142857142857
67,670,nervous,"tensor([5.3824e-03, 2.8171e-04, 2.3148e-02, 4.9353e-01, 4.6255e-01, 1.5089e-02,
        2.2434e-05])",0.3079680580577736
68,680,neutral,"tensor([6.5759e-03, 1.7008e-04, 1.9642e-02, 4.0292e-01, 5.6016e-01, 1.0509e-02,
        1.9677e-05])",0.29853298198751677
69,690,neutral,"tensor([1.4758e-02, 3.3421e-04, 1.7054e-02, 4.1052e-01, 5.4127e-01, 1.6053e-02,
        1.6402e-05])",0.32362688617174395
70,700,neutral,"tensor([1.8189e-02, 3.1863e-04, 2.1036e-02, 3.5113e-01, 5.9757e-01, 1.1736e-02,
        2.1184e-05])",0.28535124283296215
71,710,neutral,"tensor([1.5148e-02, 2.4093e-04, 1.9493e-02, 3.5874e-01, 5.9581e-01, 1.0556e-02,
        1.8400e-05])",0.3206117249455934
72,720,nervous,"tensor([1.9696e-02, 3.0506e-04, 1.5639e-02, 5.4539e-01, 4.1024e-01, 8.6934e-03,
        4.3395e-05])",0.29588709774529337
73,730,nervous,"tensor([1.8846e-02, 3.7029e-04, 2.0307e-02, 5.6161e-01, 3.8943e-01, 9.3805e-03,
        5.8132e-05])",0.2697377950791573
74,740,nervous,"tensor([1.6094e-02, 2.6130e-04, 3.0132e-02, 5.3476e-01, 4.0046e-01, 1.8213e-02,
        7.4914e-05])",0.25476551678586984
75,750,nervous,"tensor([9.2801e-03, 3.6005e-04, 1.8037e-02, 5.4134e-01, 4.1091e-01, 2.0020e-02,
        5.0919e-05])",0.2592977220942265
76,760,nervous,"tensor([1.7683e-02, 8.6627e-04, 3.1634e-02, 4.8550e-01, 4.2707e-01, 3.7151e-02,
        9.4895e-05])",0.26674831727851717
77,770,neutral,"tensor([1.6129e-02, 2.0623e-04, 1.5277e-02, 3.7785e-01, 5.7745e-01, 1.3056e-02,
        2.9168e-05])",0.3124271394468331
78,780,nervous,"tensor([1.0264e-02, 2.0047e-04, 2.1807e-02, 5.0021e-01, 4.4798e-01, 1.9494e-02,
        4.0968e-05])",0.2897478723193072
79,790,neutral,"tensor([2.2412e-02, 1.8478e-04, 2.1761e-02, 2.9093e-01, 6.5415e-01, 1.0533e-02,
        2.9262e-05])",0.31841974548121565
80,800,neutral,"tensor([3.2354e-02, 1.1481e-03, 3.6073e-02, 3.1793e-01, 5.8814e-01, 2.4263e-02,
        8.7813e-05])",0.29634025382197315
81,810,neutral,"tensor([2.0660e-02, 5.4900e-04, 2.5090e-02, 3.0972e-01, 6.2447e-01, 1.9438e-02,
        6.7417e-05])",0.303208385690105
82,820,neutral,"tensor([1.2676e-02, 1.4708e-04, 2.8345e-02, 4.0329e-01, 5.3826e-01, 1.7242e-02,
        4.0137e-05])",0.2692307692307692
83,830,neutral,"tensor([9.7202e-03, 2.9105e-04, 3.2165e-02, 2.9240e-01, 6.4771e-01, 1.7667e-02,
        4.8581e-05])",0.2908289543388012
84,840,neutral,"tensor([5.2188e-03, 2.2720e-04, 2.7718e-02, 3.4353e-01, 6.0696e-01, 1.6314e-02,
        2.7604e-05])",0.26071672882801833
85,850,neutral,"tensor([1.2260e-02, 1.8399e-04, 1.3413e-02, 3.1749e-01, 6.4085e-01, 1.5781e-02,
        2.5202e-05])",0.2770760159054326
86,860,neutral,"tensor([1.6999e-02, 3.3186e-04, 1.6728e-02, 4.4753e-01, 5.0305e-01, 1.5324e-02,
        3.2338e-05])",0.3076923076923077
87,870,neutral,"tensor([2.5204e-02, 5.4983e-04, 2.7898e-02, 4.1423e-01, 5.1636e-01, 1.5661e-02,
        9.8691e-05])",0.2954442881522392
88,880,nervous,"tensor([9.3024e-03, 1.9390e-04, 1.0642e-02, 5.1118e-01, 4.5147e-01, 1.7187e-02,
        2.7711e-05])",0.20301348074877845
89,890,neutral,"tensor([1.5983e-02, 2.7455e-04, 1.6269e-02, 4.5398e-01, 4.9432e-01, 1.9125e-02,
        3.9795e-05])",0.2596153846153846
90,900,neutral,"tensor([4.2769e-02, 5.8402e-04, 2.3781e-02, 2.3126e-01, 6.9169e-01, 9.8235e-03,
        9.1897e-05])",0.2688342576636744
91,910,neutral,"tensor([6.0444e-02, 3.8230e-04, 2.6910e-02, 3.8245e-01, 5.2243e-01, 7.0856e-03,
        2.9739e-04])",0.19230769230769232
92,920,nervous,"tensor([1.9246e-02, 1.0740e-04, 1.1157e-02, 5.3148e-01, 4.3128e-01, 6.6668e-03,
        5.7294e-05])",0.1657553113696241
93,930,neutral,"tensor([3.0457e-02, 2.8953e-04, 1.9824e-02, 3.1113e-01, 6.2812e-01, 1.0005e-02,
        1.7809e-04])",0.22942750357507122
94,940,neutral,"tensor([6.9204e-02, 5.4469e-04, 1.8131e-02, 2.0859e-01, 6.9539e-01, 7.9905e-03,
        1.5316e-04])",0.25766333214601944
95,950,neutral,"tensor([3.5119e-02, 6.6406e-04, 1.7894e-02, 2.6927e-01, 6.6569e-01, 1.1273e-02,
        8.6407e-05])",0.29588709774529337
96,960,neutral,"tensor([3.7448e-02, 7.0321e-04, 2.6509e-02, 2.0198e-01, 7.2375e-01, 9.4632e-03,
        1.4199e-04])",0.28926360594561507
97,970,neutral,"tensor([2.7059e-02, 4.2618e-04, 4.0790e-02, 3.4942e-01, 5.7092e-01, 1.1209e-02,
        1.7889e-04])",0.27852849132499574
98,980,neutral,"tensor([0.1093, 0.0015, 0.0893, 0.1833, 0.6087, 0.0073, 0.0006])",0.2688342576636744
99,990,neutral,"tensor([0.1189, 0.0014, 0.0370, 0.2746, 0.5596, 0.0078, 0.0007])",0.17256712249065834
100,1000,neutral,"tensor([0.2180, 0.0100, 0.0395, 0.2034, 0.5103, 0.0173, 0.0014])",0.21220041932416947
101,1010,neutral,"tensor([0.0485, 0.0012, 0.0658, 0.2950, 0.5754, 0.0136, 0.0006])",0.24148595959724908
102,1020,neutral,"tensor([3.4472e-02, 5.7377e-04, 4.6888e-02, 2.3940e-01, 6.6996e-01, 8.5216e-03,
        1.8003e-04])",0.28348912787279623
103,1030,neutral,"tensor([1.9206e-02, 3.7832e-04, 1.9171e-02, 4.4882e-01, 5.0410e-01, 8.2996e-03,
        3.1362e-05])",0.3287806922140749
104,1040,neutral,"tensor([2.3061e-01, 6.8073e-03, 5.7402e-02, 1.4405e-01, 5.4436e-01, 1.6482e-02,
        2.9231e-04])",0.25467610007482844
105,1050,neutral,"tensor([1.0583e-01, 2.8221e-04, 3.0926e-02, 2.4963e-01, 6.0664e-01, 6.0725e-03,
        6.0995e-04])",0.1759052326245287
106,1060,neutral,"tensor([4.9884e-02, 9.9073e-04, 4.3159e-02, 2.3313e-01, 6.6112e-01, 1.1276e-02,
        4.4109e-04])",0.23042936371172096
107,1070,neutral,"tensor([0.0773, 0.0008, 0.0408, 0.3391, 0.5325, 0.0090, 0.0006])",0.20301348074877845
108,1080,neutral,"tensor([8.4666e-02, 1.1883e-03, 3.6723e-02, 3.6653e-01, 4.9570e-01, 1.5033e-02,
        1.5415e-04])",0.21401343212472163
109,1090,neutral,"tensor([3.3486e-02, 5.5303e-04, 4.2890e-02, 3.9984e-01, 5.0823e-01, 1.4847e-02,
        1.5678e-04])",0.18804096818633884
110,1100,neutral,"tensor([9.5634e-03, 7.5119e-05, 6.9125e-03, 3.6515e-01, 6.1495e-01, 3.3363e-03,
        1.4884e-05])",0.09881687752086583
111,1110,neutral,"tensor([3.6856e-02, 7.5092e-04, 3.3246e-02, 2.7899e-01, 6.3797e-01, 1.1888e-02,
        3.0052e-04])",0.24068140179336672
112,1120,neutral,"tensor([6.8305e-02, 8.5100e-04, 4.1558e-02, 3.8095e-01, 4.9856e-01, 9.4343e-03,
        3.3510e-04])",0.27758984055379965
113,1130,neutral,"tensor([3.1953e-02, 3.7832e-04, 3.2991e-02, 4.1902e-01, 5.0874e-01, 6.7994e-03,
        1.2021e-04])",0.2248057744504544
114,1140,neutral,"tensor([3.1847e-02, 4.5878e-04, 2.2728e-02, 4.6600e-01, 4.7120e-01, 7.6202e-03,
        1.5163e-04])",0.11132164648379908
115,1150,neutral,"tensor([7.6509e-02, 1.7436e-03, 6.7370e-02, 3.4040e-01, 4.9819e-01, 1.5292e-02,
        4.9357e-04])",0.23219916861309187
116,1160,neutral,"tensor([1.1225e-02, 2.5521e-04, 1.3227e-02, 3.2145e-01, 6.4658e-01, 7.1319e-03,
        1.3234e-04])",0.19996498293139006
117,1170,neutral,"tensor([3.7933e-03, 7.7205e-05, 2.6500e-03, 2.8846e-01, 6.9898e-01, 6.0352e-03,
        2.0130e-06])",0.2969905745736951
118,1180,neutral,"tensor([4.0199e-02, 4.9527e-04, 7.8705e-03, 3.0427e-01, 6.4254e-01, 4.5367e-03,
        9.5341e-05])",0.25278085717649745
119,1190,neutral,"tensor([2.3112e-02, 2.7151e-04, 9.0843e-03, 1.8848e-01, 7.7485e-01, 4.1488e-03,
        5.6500e-05])",0.19230789652858568
120,1200,nervous,"tensor([2.9711e-03, 1.4089e-05, 4.4122e-03, 7.7207e-01, 2.1186e-01, 8.6712e-03,
        1.9944e-06])",0.15090367347255543
121,1210,nervous,"tensor([4.0661e-03, 2.8644e-05, 6.0323e-03, 7.2848e-01, 2.5446e-01, 6.9305e-03,
        1.9903e-06])",0.09851693225963484
122,1220,nervous,"tensor([1.6350e-02, 1.9857e-04, 1.4729e-02, 5.6003e-01, 4.0220e-01, 6.4675e-03,
        1.8172e-05])",0.25225512609916817
123,1230,neutral,"tensor([3.4204e-02, 9.4822e-04, 2.9102e-02, 2.2825e-01, 7.0217e-01, 5.2339e-03,
        9.8449e-05])",0.29640181792135345
124,1240,neutral,"tensor([9.2761e-02, 9.0771e-04, 2.1730e-02, 3.8364e-01, 4.9286e-01, 7.9650e-03,
        1.3902e-04])",0.13003589567063362
125,1250,neutral,"tensor([0.1542, 0.0450, 0.0741, 0.2146, 0.4110, 0.1006, 0.0004])",0.27603674085269414
126,1260,nervous,"tensor([0.0674, 0.0013, 0.0726, 0.4439, 0.4023, 0.0120, 0.0005])",0.28572813092440674
127,1270,neutral,"tensor([5.1843e-02, 8.0811e-04, 3.2472e-02, 3.9678e-01, 5.0305e-01, 1.4862e-02,
        1.8046e-04])",0.248923160035125
128,1280,neutral,"tensor([0.1536, 0.0047, 0.0930, 0.1837, 0.5467, 0.0174, 0.0008])",0.2327904822564218
129,1290,neutral,"tensor([2.3161e-02, 4.5911e-04, 5.4440e-02, 3.8721e-01, 5.2090e-01, 1.3692e-02,
        1.3703e-04])",0.23061426168951027
130,1300,neutral,"tensor([2.6880e-02, 5.7582e-04, 4.2068e-02, 4.3054e-01, 4.8816e-01, 1.1649e-02,
        1.2673e-04])",0.311506880777893
131,1310,neutral,"tensor([4.6988e-02, 4.8169e-04, 3.6845e-02, 2.2657e-01, 6.8143e-01, 7.5776e-03,
        1.0872e-04])",0.3035714285714286
132,1320,neutral,"tensor([1.9028e-02, 2.4001e-04, 1.4840e-02, 2.8436e-01, 6.7558e-01, 5.9356e-03,
        1.6856e-05])",0.3072391516156279
133,1330,neutral,"tensor([1.7080e-02, 1.2463e-04, 9.8286e-03, 2.3400e-01, 7.3175e-01, 7.1995e-03,
        1.6839e-05])",0.27758984055379965
134,1340,neutral,"tensor([5.2751e-02, 7.2877e-04, 2.7270e-02, 1.8783e-01, 7.2402e-01, 7.3396e-03,
        6.1977e-05])",0.27193610982232974
135,1350,neutral,"tensor([4.4113e-03, 6.3810e-05, 7.3941e-03, 4.9027e-01, 4.9353e-01, 4.3280e-03,
        8.2603e-06])",0.13257611750373982
136,1360,neutral,"tensor([1.5155e-01, 1.9644e-03, 2.1556e-02, 1.3536e-01, 6.8649e-01, 2.8617e-03,
        2.2411e-04])",0.29588709774529337
137,1370,neutral,"tensor([1.2624e-01, 1.0311e-03, 2.9753e-02, 2.4064e-01, 5.9841e-01, 3.6833e-03,
        2.4971e-04])",0.26538489592552916
138,1380,neutral,"tensor([1.8227e-01, 2.1090e-03, 4.4938e-02, 2.1330e-01, 5.5027e-01, 6.5916e-03,
        5.3026e-04])",0.2395265429092187
139,1390,neutral,"tensor([3.7763e-02, 3.4961e-04, 2.0418e-02, 2.2686e-01, 7.0925e-01, 5.2976e-03,
        6.0961e-05])",0.22537591460048717
140,1400,neutral,"tensor([1.2827e-02, 1.4590e-04, 1.2390e-02, 3.5767e-01, 6.0957e-01, 7.3689e-03,
        1.9702e-05])",0.19122387184449868
141,1410,neutral,"tensor([1.7036e-02, 1.0069e-04, 7.6355e-03, 4.3352e-01, 5.3746e-01, 4.2260e-03,
        2.2281e-05])",0.20714285714285713
142,1420,nervous,"tensor([4.1534e-03, 9.5541e-06, 1.0647e-02, 6.5361e-01, 3.2968e-01, 1.8903e-03,
        9.0187e-06])",0.14267562141648107
143,1430,neutral,"tensor([2.6384e-02, 2.8947e-04, 1.8291e-02, 1.6952e-01, 7.8316e-01, 2.2989e-03,
        5.2456e-05])",0.2671764374546612
144,1440,neutral,"tensor([3.3774e-02, 5.1364e-04, 1.8055e-02, 2.5501e-01, 6.8667e-01, 5.9278e-03,
        4.9885e-05])",0.27852849132499574
145,1450,neutral,"tensor([4.6506e-02, 1.2458e-03, 2.2045e-02, 3.6709e-01, 5.5174e-01, 1.1321e-02,
        5.1659e-05])",0.2801875480009631
146,1460,neutral,"tensor([6.3238e-02, 3.3239e-03, 2.6025e-02, 2.0919e-01, 6.8116e-01, 1.7005e-02,
        5.5834e-05])",0.2395265429092187
147,1470,neutral,"tensor([6.3480e-02, 3.9306e-03, 3.1276e-02, 2.0227e-01, 6.8376e-01, 1.5105e-02,
        1.7605e-04])",0.2774725274725275
148,1480,neutral,"tensor([8.6167e-02, 1.0110e-03, 3.1040e-02, 2.5406e-01, 6.2006e-01, 7.5426e-03,
        1.1841e-04])",0.3072391516156279
149,1490,neutral,"tensor([5.6723e-02, 1.4917e-03, 6.1361e-02, 3.9724e-01, 4.6424e-01, 1.8646e-02,
        2.9571e-04])",0.2771094845912039
150,1500,neutral,"tensor([8.8153e-02, 4.0522e-03, 3.3963e-02, 2.3669e-01, 6.1601e-01, 2.0682e-02,
        4.5476e-04])",0.2987076696992359
151,1510,neutral,"tensor([8.8928e-02, 1.3428e-02, 3.8019e-02, 2.3052e-01, 6.0530e-01, 2.3456e-02,
        3.5264e-04])",0.2871809281171822
152,1520,neutral,"tensor([2.9488e-02, 3.7996e-04, 1.3476e-02, 2.5557e-01, 6.9551e-01, 5.4960e-03,
        8.1560e-05])",0.16192562703783267
153,1530,neutral,"tensor([6.0613e-02, 3.1266e-03, 9.9120e-03, 1.0918e-01, 8.0563e-01, 1.1466e-02,
        7.6002e-05])",0.2299596792976255
154,1540,neutral,"tensor([1.3209e-02, 1.2110e-04, 5.1760e-03, 2.0818e-01, 7.7032e-01, 2.9806e-03,
        1.2827e-05])",0.15237491365935463
155,1550,neutral,"tensor([2.1477e-02, 1.3651e-04, 6.5603e-03, 3.0261e-01, 6.6521e-01, 3.9808e-03,
        2.7532e-05])",0.20282113613159838
156,1560,neutral,"tensor([1.4574e-02, 3.8404e-05, 3.7172e-03, 4.6978e-01, 5.0925e-01, 2.6253e-03,
        1.0073e-05])",0.08178252295111765
157,1570,neutral,"tensor([6.8009e-02, 8.0393e-04, 1.2514e-02, 1.8184e-01, 7.3181e-01, 4.9611e-03,
        6.3709e-05])",0.3376756376188443
158,1580,neutral,"tensor([1.8408e-01, 5.3260e-03, 3.2243e-02, 1.6585e-01, 6.0273e-01, 9.5858e-03,
        1.8370e-04])",0.31249039834219794
159,1590,neutral,"tensor([1.3412e-01, 2.3483e-02, 5.2111e-02, 1.7380e-01, 5.5852e-01, 5.7661e-02,
        3.0305e-04])",0.32915765952428544
160,1600,neutral,"tensor([8.9524e-02, 1.5364e-02, 5.4833e-02, 1.2929e-01, 6.7335e-01, 3.7438e-02,
        2.0780e-04])",0.2928714296845151
161,1610,neutral,"tensor([1.5145e-02, 4.6010e-04, 7.2491e-03, 4.3558e-01, 5.3558e-01, 5.9593e-03,
        2.9005e-05])",0.2610939386926753
162,1620,neutral,"tensor([2.8782e-02, 7.0995e-04, 1.8383e-02, 3.4309e-01, 5.9986e-01, 9.1152e-03,
        6.6728e-05])",0.23972708580594743
163,1630,neutral,"tensor([2.0124e-02, 9.2875e-04, 2.3743e-02, 4.1004e-01, 5.3149e-01, 1.3606e-02,
        6.2375e-05])",0.248923160035125
164,1640,nervous,"tensor([2.8705e-02, 1.0875e-04, 1.1898e-02, 4.8187e-01, 4.6941e-01, 8.0013e-03,
        7.0320e-06])",0.2857142857142857
165,1650,nervous,"tensor([1.1748e-02, 1.0737e-04, 2.8123e-03, 5.5069e-01, 4.2985e-01, 4.7943e-03,
        6.1706e-06])",0.20467032967032966
166,1660,neutral,"tensor([1.6157e-02, 1.1756e-04, 5.4147e-03, 3.1743e-01, 6.5639e-01, 4.4792e-03,
        1.7590e-05])",0.21663160110521335
167,1670,neutral,"tensor([5.3734e-02, 5.7785e-04, 1.7872e-02, 2.8072e-01, 6.4213e-01, 4.8515e-03,
        1.0714e-04])",0.19083645212089312
168,1680,neutral,"tensor([1.4374e-02, 2.8834e-04, 1.1208e-02, 3.6644e-01, 5.9996e-01, 7.6882e-03,
        4.0446e-05])",0.10357962225257385
169,1690,neutral,"tensor([7.2551e-02, 8.5719e-04, 9.2318e-03, 1.4779e-01, 7.6480e-01, 4.6987e-03,
        6.4836e-05])",0.27832564221700523
170,1700,neutral,"tensor([2.9755e-02, 1.1229e-03, 2.1643e-02, 3.1024e-01, 6.2375e-01, 1.3353e-02,
        1.3407e-04])",0.2849881999516386
171,1710,neutral,"tensor([1.2112e-01, 4.6204e-02, 4.1391e-02, 2.6898e-01, 4.5057e-01, 7.1627e-02,
        1.1008e-04])",0.2391283020922612
172,1720,neutral,"tensor([8.8255e-02, 2.9353e-03, 2.9945e-02, 2.3244e-01, 6.3536e-01, 1.0951e-02,
        1.2115e-04])",0.30546054190758576
173,1730,neutral,"tensor([1.0743e-01, 3.8912e-03, 3.2309e-02, 3.0126e-01, 5.4179e-01, 1.3180e-02,
        1.3408e-04])",0.29853298198751677
174,1740,neutral,"tensor([5.5503e-02, 1.0512e-03, 4.9195e-02, 2.8515e-01, 5.9936e-01, 9.4554e-03,
        2.8694e-04])",0.28308863536780204
175,1750,neutral,"tensor([4.7609e-02, 1.1450e-03, 3.8049e-02, 3.3777e-01, 5.6466e-01, 1.0601e-02,
        1.6809e-04])",0.24006695286345728
176,1760,neutral,"tensor([5.1043e-02, 5.0198e-04, 2.2897e-02, 1.3158e-01, 7.8962e-01, 4.3119e-03,
        3.9522e-05])",0.23504067250300678
177,1770,neutral,"tensor([7.9411e-02, 8.5663e-04, 3.2203e-02, 3.1873e-01, 5.6146e-01, 7.2316e-03,
        1.0709e-04])",0.25921887304828983
